"logFC","AveExpr","t","P.Value","adj.P.Val","B","probe_id"
-4.68016723094187,5.02978558740551,-8.38508990354414,2.75990240396351e-07,0.0150897663936705,5.33766520167655,"220908_at"
-2.84740359160185,5.36332604551629,-7.88098372718871,6.24418048747447e-07,0.0170700284076333,4.81295659785208,"217332_at"
